USE CELLERY_HUB;
INSERT INTO `REGISTRY_ORGANIZATION` (ORG_NAME, DESCRIPTION, WEBSITE_URL, DEFAULT_IMAGE_VISIBILITY, FIRST_AUTHOR, CREATED_DATE) VALUES ('cellery','ABC is my first org','abc.com','private','unknown','2019-05-27 14:58:47');
INSERT INTO `REGISTRY_ORGANIZATION` (ORG_NAME, DESCRIPTION, WEBSITE_URL, DEFAULT_IMAGE_VISIBILITY, FIRST_AUTHOR, CREATED_DATE) VALUES ('is','ABC is my first org','pqr.com','private','unknown','2019-05-27 14:58:47');

INSERT INTO `REGISTRY_ARTIFACT_IMAGE` (ARTIFACT_IMAGE_ID, ORG_NAME, IMAGE_NAME, DESCRIPTION, FIRST_AUTHOR, VISIBILITY) VALUES ('1','cellery','image','Sample','unkown','PUBLIC');
INSERT INTO `REGISTRY_ARTIFACT_IMAGE` (ARTIFACT_IMAGE_ID, ORG_NAME, IMAGE_NAME, DESCRIPTION, FIRST_AUTHOR, VISIBILITY) VALUES ('2','cellery','newImage','Sample','www.dockehub.com','PRIVATE');
INSERT INTO `REGISTRY_ARTIFACT_IMAGE` (ARTIFACT_IMAGE_ID, ORG_NAME, IMAGE_NAME, DESCRIPTION, FIRST_AUTHOR, VISIBILITY) VALUES ('3','is','pqr','Sample','www.dockehub.com','PRIVATE');
INSERT INTO `REGISTRY_ARTIFACT_IMAGE` (ARTIFACT_IMAGE_ID, ORG_NAME, IMAGE_NAME, DESCRIPTION, FIRST_AUTHOR, VISIBILITY) VALUES ('4','cellery','existingImage','Demo','www.dockehub.com','PRIVATE');

INSERT INTO `REGISTRY_ORG_TEAM_MAPPING` (TEAM_ID, ORG_NAME, TEAM_NAME, CREATED_DATE) VALUES ('TID1','cellery','OWNER','2019-04-06 00:00:00');
INSERT INTO `REGISTRY_ORG_TEAM_MAPPING` (TEAM_ID, ORG_NAME, TEAM_NAME, CREATED_DATE) VALUES ('TID2','is','OWNER','2019-04-06 00:00:00');

INSERT INTO `REGISTRY_TEAM_USER_MAPPING` (TEAM_ID, USER_UUID, CREATED_DATE) VALUES ('TID1','wso2.com','2019-04-06 00:00:00');
INSERT INTO `REGISTRY_TEAM_USER_MAPPING` (TEAM_ID, USER_UUID, CREATED_DATE) VALUES ('TID1','admin.com','2019-04-06 00:00:00');
INSERT INTO `REGISTRY_TEAM_USER_MAPPING` (TEAM_ID, USER_UUID, CREATED_DATE) VALUES ('TID2','other.com','2019-04-06 00:00:00');

INSERT INTO `REGISTRY_IMAGE_TEAM_MAPPING` (ARTIFACT_IMAGE_ID, TEAM_ID, PERMISSION, CREATED_DATE) VALUES ('1','TID1',2,'2019-04-06 00:00:00');
INSERT INTO `REGISTRY_IMAGE_TEAM_MAPPING` (ARTIFACT_IMAGE_ID, TEAM_ID, PERMISSION, CREATED_DATE) VALUES ('2','TID1',3,'2019-04-06 00:00:00');
INSERT INTO `REGISTRY_IMAGE_TEAM_MAPPING` (ARTIFACT_IMAGE_ID, TEAM_ID, PERMISSION, CREATED_DATE) VALUES ('3','TID2',1,'2019-04-06 00:00:00');
